m1,"os=darwin,host=A",1,1514802220000
m1,"os=darwin,host=A",2,1514812086000
m1,"os=darwin,host=A",3,1514877315000
m1,"os=linux,host=A",1,1514797500000
m1,"os=linux,host=A",2,1514799605000
m1,"os=linux,host=A",3,1514804625000
m1,"os=linux,host=A",4,1514818759000
m1,"os=linux,host=A",5,1514897354000
m1,"os=linux,host=A",6,1514897858000
m1,"os=windows,host=A",1,1514803048000
m1,"os=windows,host=A",2,1514808826000
m1,"os=windows,host=A",3,1514812736000
m1,"os=windows,host=A",4,1514881791000
m1,"os=darwin,host=B",1,1514802842000
m1,"os=darwin,host=B",2,1514818576000
m1,"os=darwin,host=B",3,1514891100000
m1,"os=linux,host=B",1,1514798275000
m1,"os=linux,host=B",2,1514816100000
m1,"os=linux,host=B",3,1514895734000
m1,"os=linux,host=B",4,1514900599000
m1,"os=windows,host=B",1,1514799605000
m1,"os=windows,host=B",2,1514810326000
m1,"os=windows,host=B",3,1514881791000
m1,"os=windows,host=B",4,1514900597000
